{
  "TypeSearch": {
    "近战冷兵器": "Base natural join ColdWeapon",
    "远程冷兵器": "Base natural join ColdWeapon",
    "防御": "Base natural join Defence",
    "手雷": "Base natural join Grenade",
    "无法测试": "Base natural join UnableTest",
    "特种武器": "Base natural join HotWeapon",
    "步枪": "Base natural join HotWeapon",
    "突击步枪": "Base natural join HotWeapon",
    "冲锋枪": "Base natural join HotWeapon",
    "霰弹枪": "Base natural join HotWeapon",
    "手枪": "Base natural join HotWeapon"
  },
  "basic_info": "基本信息",
  "ammo_info": "弹药信息",
  "attachment_info": "附件信息",
  "Basic Information": ["武器名称", "类型", "出自模组", "介绍", "弹夹容量","近战攻击", "远距离攻击伤害", "充能能源", "充能后攻击伤害",
    "接触反击伤害", "引爆伤害", "近战增加眩晕值（单发，瞬间+持续）", "特殊状态下（投掷，充能）近战增加眩晕值（单发，瞬间+持续）", "特殊效果",
    "操作方法"],
  "Mark Names": ["Basic", "Ammo", "Attach", "Ending"],
  "sample": ["attribute name", "default value"],
  "name": ["武器名称", null],
  "desc": ["介绍", null],
  "type": ["类型", null],
  "self_dps": ["近战攻击", 0],
  "mod_name": ["出自模组", null],
  "torpor_estimated": ["近战增加眩晕值（单发，瞬间+持续）", 0],
  "cold_long_dps": ["远距离攻击伤害", 0],
  "cold_charge": ["充能能源", null],
  "cold_charge_dps": ["充能后攻击伤害", 0],
  "cold_state_time": ["特殊效果", null],
  "cold_use": ["操作方法", null],
  "cold_torpor_estimated": ["特殊状态下（投掷，充能）近战增加眩晕值（单发，瞬间+持续）", 0],
  "defence_state_time": ["特殊效果", null],
  "defence_dps": ["接触反击伤害", 0],
  "defence_charge": ["充能能源", null],
  "defence_use": ["操作方法", null],
  "grenade_dps": ["引爆伤害", null],
  "grenade_state_time": ["特殊效果", null],
  "hot_charge": ["充能能源", null],
  "hot_use": ["操作方法", null],
  "ammo_capacity": ["弹夹容量", 0],

  "Ammo Information": ["弹药名称", "出自模组", "描述", "增加眩晕值（单发，瞬间+持续）", "特殊效果", "射击模式"],
  "ammo_name": ["弹药名称", null],
  "ammo_description": ["描述", null],
  "ammo_mod": ["出自模组", null],
  "mode_names": ["射击模式", null],
  "mode_dps": ["普通伤害", null],
  "ammo_torpor_estimated": ["增加眩晕值（单发，瞬间+持续）", 0],
  "explosion_dps": ["爆炸伤害", null],
  "ammo_state_time": ["特殊效果", null],

  "Attachment Information": ["附件名称", "出自模组", "描述", "装备附件后弹夹容量", "附件使用方法"],
  "attach_name": ["附件名称", null],
  "attach_description": ["描述", null],
  "attach_mod": ["出自模组", null],
  "attach_use": ["附件使用方法", null],
  "new_capacity": ["装备附件后弹夹容量", 0]
}